﻿Jour,Heure (indicative),Format,Fichier,Legende
J1,18:30,Image,visuel_post.png,"Tu veux devenir freelance sans te perdre ? 7 jours dactions + scripts prêts à copier. 14,90 €  lien "
J2,12:30,Carrousel,"visuel_carrousel_1.png|visuel_carrousel_2.png|visuel_carrousel_3.png","Swipe  plan simple : offre claire + prospection 30 min/j. Lien "
J3,21:00,Story,,"Ce que tu obtiens : guide, scripts email, routine, mini prix. Lien "
J4,18:30,Texte,,"Avant/Après : jaurais gagné des semaines avec ce guide. Maintenant tu las "
J5,12:30,Carrousel,"visuel_carrousel_1.png|visuel_carrousel_2.png|visuel_carrousel_3.png","Focus scripts : copie/colle, personnalise, envoie. Lien "
J6,21:00,Story,,"Q&R : contenu ? niveau requis ? temps/jour ? Je réponds en DM."
J7,18:30,Image,visuel_post.png,"Dernier rappel : prix 14,90 € jusquà dimanche minuit "
